subject	weekday	start	end	room
MODELLI MATEMATICI PER L'OTTIMIZZAZIONE	0	08:00	10:00	Aula F
MODELLI MATEMATICI PER L'OTTIMIZZAZIONE	2	08:00	10:00	Aula F
MEASURE AND INTEGRATION	1	08:00	10:00	Aula F
MEASURE AND INTEGRATION	4	08:00	10:00	Aula F
EQUAZIONI DIFFERENZIALI DELLA FISICA MATEMATICA	3	08:00	10:00	Aula F
EQUAZIONI DIFFERENZIALI DELLA FISICA MATEMATICA	0	10:00	12:00	Aula F
Higher Geometry	2	10:00	12:00	Aula F
Higher Geometry	1	11:00	13:00	Aula F
MATEMATICHE ELEMENTARI DA UN PUNTO DI VISTA SUPERIORE	3	10:00	12:00	Aula Archimede
MATEMATICHE ELEMENTARI DA UN PUNTO DI VISTA SUPERIORE	1	15:00	17:00	Aula Archimede
ALGEBRA SUPERIORE	4	10:00	12:00	Aula F
ALGEBRA SUPERIORE	0	10:00	12:00	Aula G
LOGICA MATEMATICA	1	10:00	12:00	Aula G
LOGICA MATEMATICA	3	10:00	12:00	Aula G
Topologia Insiemistica	1	10:00	12:00	Aula 124
Topologia Insiemistica	4	10:00	12:00	Aula 124
METODI NUMERICI PER EQUAZIONI DIFFERENZIALI ORDINARIE	3	10:00	12:00	Aula 124
METODI NUMERICI PER EQUAZIONI DIFFERENZIALI ORDINARIE	0	11:00	13:00	Aula MI6
ALGEBRA COMMUTATIVA	1	12:00	14:00	Aula 124
ALGEBRA COMMUTATIVA	3	12:00	14:00	Aula 25
METODI MATEMATICI E STATISTICI PER LE APPLICAZIONI 1	3	12:00	14:00	Aula F
METODI MATEMATICI E STATISTICI PER LE APPLICAZIONI 1	0	15:00	17:00	Aula F
GEOMETRIA ALGEBRICA	0	12:00	14:00	Aula G
GEOMETRIA ALGEBRICA	1	17:00	19:00	Aula G
ANALISI FUNZIONALE	2	12:00	14:00	Aula G
ANALISI FUNZIONALE	3	15:00	17:00	Aula G
FONDAMENTI DELLA MATEMATICA	1	15:00	17:00	Aula F
FONDAMENTI DELLA MATEMATICA	3	15:00	17:00	Aula F
ASTROFISICA	2	15:00	17:00	Aula F
ASTROFISICA	0	17:00	19:00	Aula F
Statistica	2	15:00	18:00	Aula G
Statistica	0	17:00	19:00	Aula G
