year	code	name	module	teacher
1	1016277	ALGEBRA COMMUTATIVA		FINOCCHIARO CARMELO ANTONIO
1	1016267	ALGEBRA COMPUTAZIONALE		MICALE VINCENZO
1	1016254	ALGEBRA SUPERIORE		D'ANNA MARCO
1	1016245	ANALISI FUNZIONALE		CILIA RAFFAELA GIOVANNA
1	1016245	ANALISI FUNZIONALE		PUGLISI DANIELE
1	9800513	Analisi Reale		LEONARDI SALVATORE
1	9800513	Analisi Reale		MARANO SALVATORE ANGELO
1	1004117	ASTROFISICA		GIUNTA ALESSANDRA
1	9797491	Calculus of Variations		CIRMI GIUSEPPA RITA
1	9797491	Calculus of Variations		RAGUSA MARIA ALESSANDRA
1	9798952	Elementi di meccanica dei continui e meccanica quantistica		GIACOBBE ANDREA
1	9800514	Equazioni differenziali alle derivate parziali		RUSSO GIOVANNI
1	50219	EQUAZIONI DIFFERENZIALI DELLA FISICA MATEMATICA		MUSCATO ORAZIO
1	1016285	FLUIDODINAMICA COMPUTAZIONALE		BOSCARINO SEBASTIANO
1	1016285	FLUIDODINAMICA COMPUTAZIONALE		COCO ARMANDO
1	1016285	FLUIDODINAMICA COMPUTAZIONALE		RUSSO GIOVANNI
1	1015020	FONDAMENTI DI FISICA MODERNA		ANGILELLA GIUSEPPE GIOACCHINO NEIL
1	1015020	FONDAMENTI DI FISICA MODERNA		BRUNO ELENA
1	1015020	FONDAMENTI DI FISICA MODERNA		GRIMAUDO ROBERTO
1	1016243	GEOMETRIA ALGEBRICA		STAGLIANO' GIOVANNI
1	9800515	Grafi e Ipergrafi		GUARDO ELENA MARIA
1	9800509	Higher Geometry		SPADARO SANTI DOMENICO
1	9794100	ISTITUZIONI DI ALGEBRA SUPERIORE	MODULO I	FINOCCHIARO CARMELO ANTONIO
1	9794100	ISTITUZIONI DI ALGEBRA SUPERIORE	MODULO II	MICALE VINCENZO
1	9793973	ISTITUZIONI DI ANALISI NUMERICA	MODULO I	BOSCARINO SEBASTIANO
1	9793973	ISTITUZIONI DI ANALISI NUMERICA	MODULO II	RUSSO GIOVANNI
1	9794156	ISTITUZIONI DI ANALISI PER LE APPLICAZIONI	MODULO 1	MARANO SALVATORE ANGELO
1	9794156	ISTITUZIONI DI ANALISI PER LE APPLICAZIONI	MODULO 2	DI FAZIO GIUSEPPE
1	1014152	ISTITUZIONI DI ANALISI SUPERIORE	MODULO 1	MARANO SALVATORE ANGELO
1	1014152	ISTITUZIONI DI ANALISI SUPERIORE	MODULO 2	LEONARDI SALVATORE
1	1014152	ISTITUZIONI DI ANALISI SUPERIORE	MODULO 2	MARANO SALVATORE ANGELO
1	9793972	ISTITUZIONI DI FISICA MATEMATICA	MODULO I	MUSCATO ORAZIO
1	9793972	ISTITUZIONI DI FISICA MATEMATICA	MODULO II	GIACOBBE ANDREA
1	9794104	ISTITUZIONI DI MATEMATICHE COMPLEMENTARI	MODULO I	MAMMANA MARIA FLAVIA
1	9794104	ISTITUZIONI DI MATEMATICHE COMPLEMENTARI	MODULO II	MAMMANA MARIA FLAVIA
1	9793974	ISTITUZIONI DI RICERCA OPERATIVA	MODULO I	DANIELE PATRIZIA
1	9793974	ISTITUZIONI DI RICERCA OPERATIVA	MODULO II	COLAJANNI GABRIELLA
1	1014158	ISTITUZIONI GEOMETRIA SUPERIORE	MODULO 1	BELLA ANGELO
1	1014158	ISTITUZIONI GEOMETRIA SUPERIORE	MODULO 2	BELLA ANGELO
1	9795994	LOGICA MATEMATICA		NICOLOSI ASMUNDO MARIANNA
1	1016247	METODI MATEMATICI E STATISTICI PER LE APPLICAZIONI 1		ROMANO VITTORIO
1	1016232	METODI MATEMATICI E STATISTICI PER LE APPLICAZIONI 2		PICCITTO GIULIA
1	1016232	METODI MATEMATICI E STATISTICI PER LE APPLICAZIONI 2		ROMANO VITTORIO
1	1016317	METODI MATEMATICI PER L'OTTIMIZZAZIONE		SCRIMALI LAURA ROSA MARIA
1	1016278	METODI NUMERICI PER EQUAZIONI ALLE DERIVATE PARZIALI		RUSSO GIOVANNI
1	1006294	METODI NUMERICI PER EQUAZIONI DIFFERENZIALI ORDINARIE		BOSCARINO SEBASTIANO
1	9793953	MODELLI MATEMATICI PER L'OTTIMIZZAZIONE		DANIELE PATRIZIA
1	1016244	OTTIMIZZAZIONE SU RETI		COLAJANNI GABRIELLA
1	9800506	Preferenze, Utilità e Scelte		GIARLOTTA ALFIO
1	9800519	Statistica		INGRASSIA SALVATORE
1	9800511	Teoria della Misura e dell'Integrazione		MARANO SALVATORE ANGELO
1	9795535	TOPOLOGIA ALGEBRICA		BELLA ANGELO
1	9800508	Topologia Insiemistica		BELLA ANGELO
2	50220	ALGEBRA COMMUTATIVA		FINOCCHIARO CARMELO ANTONIO
2	1016267	ALGEBRA COMPUTAZIONALE		MICALE VINCENZO
2	1016254	ALGEBRA SUPERIORE		D'ANNA MARCO
2	1016245	ANALISI FUNZIONALE		CILIA RAFFAELA GIOVANNA
2	1016245	ANALISI FUNZIONALE		PUGLISI DANIELE
2	9797491	Calculus of Variations		CIRMI GIUSEPPA RITA
2	9797491	Calculus of Variations		RAGUSA MARIA ALESSANDRA
2	9795933	DIDATTICA DELLA MATEMATICA		FERRARELLO DANIELA
2	9798952	Elementi di meccanica dei continui e meccanica quantistica		GIACOBBE ANDREA
2	50219	EQUAZIONI DIFFERENZIALI DELLA FISICA MATEMATICA		MUSCATO ORAZIO
2	1016285	FLUIDODINAMICA COMPUTAZIONALE		BOSCARINO SEBASTIANO
2	1016285	FLUIDODINAMICA COMPUTAZIONALE		COCO ARMANDO
2	1016285	FLUIDODINAMICA COMPUTAZIONALE		RUSSO GIOVANNI
2	1016356	FONDAMENTI DELLA MATEMATICA		
2	1016243	GEOMETRIA ALGEBRICA		STAGLIANO' GIOVANNI
2	9799375	Geometria Superiore		SPADARO SANTI DOMENICO
2	9795991	GRAPHS AND HYPERGRAPHS		GUARDO ELENA MARIA
2	9793961	LABORATORIO DI MATEMATICHE ELEMENTARI		MAMMANA MARIA FLAVIA
2	9795994	LOGICA MATEMATICA		NICOLOSI ASMUNDO MARIANNA
2	1007499	MATEMATICHE COMPLEMENTARI		
2	9793960	MATEMATICHE ELEMENTARI DA UN PUNTO DI VISTA SUPERIORE		MAMMANA MARIA FLAVIA
2	9794102	MEASURE AND INTEGRATION		MARANO SALVATORE ANGELO
2	1016247	METODI MATEMATICI E STATISTICI PER LE APPLICAZIONI 1		ROMANO VITTORIO
2	1016232	METODI MATEMATICI E STATISTICI PER LE APPLICAZIONI 2		PICCITTO GIULIA
2	1016232	METODI MATEMATICI E STATISTICI PER LE APPLICAZIONI 2		ROMANO VITTORIO
2	1016317	METODI MATEMATICI PER L'OTTIMIZZAZIONE		SCRIMALI LAURA ROSA MARIA
2	1016278	METODI NUMERICI PER EQUAZIONI ALLE DERIVATE PARZIALI		RUSSO GIOVANNI
2	1006294	METODI NUMERICI PER EQUAZIONI DIFFERENZIALI ORDINARIE		BOSCARINO SEBASTIANO
2	9793953	MODELLI MATEMATICI PER L'OTTIMIZZAZIONE		DANIELE PATRIZIA
2	1016244	OTTIMIZZAZIONE SU RETI		COLAJANNI GABRIELLA
2	9794084	PARTIAL DIFFERENTIAL EQUATIONS		DI FAZIO GIUSEPPE
2	9794083	REAL ANALISYS		LEONARDI SALVATORE
2	9794083	REAL ANALISYS		MARANO SALVATORE ANGELO
2	9794082	SET-THEORETIC TOPOLOGY		BELLA ANGELO
2	9795535	TOPOLOGIA ALGEBRICA		BELLA ANGELO
